{"cameraMode":{"drawMode":0,"name":"Shaded","section":"Shading Mode"},"sceneLighting":false,"audioPlay":false,"sceneViewState":{"m_AlwaysRefresh":false,"showFog":true,"showSkybox":false,"showFlares":true,"showImageEffects":true,"showParticleSystems":true,"showVisualEffectGraphs":true,"m_FxEnabled":true},"in2DMode":false,"pivot":{"x":0.26999998092651369,"y":3.4300003051757814,"z":7.480000019073486},"rotation":{"x":-0.053448669612407687,"y":-0.09003008902072907,"z":0.0050703114829957489,"w":-0.9945604801177979},"size":4.609232425689697,"orthographic":true}