{"cameraMode":{"drawMode":0,"name":"Shaded","section":"Shading Mode"},"sceneLighting":false,"audioPlay":false,"sceneViewState":{"m_AlwaysRefresh":false,"showFog":true,"showSkybox":false,"showFlares":true,"showImageEffects":true,"showParticleSystems":true,"showVisualEffectGraphs":true,"m_FxEnabled":true},"in2DMode":false,"pivot":{"x":12.675237655639649,"y":17.236106872558595,"z":0.8152656555175781},"rotation":{"x":-0.005376550834625959,"y":-0.9934176802635193,"z":0.10140160471200943,"w":-0.054604850709438327},"size":21.38739585876465,"orthographic":true}