{"cameraMode":{"drawMode":0,"name":"Shaded","section":"Shading Mode"},"sceneLighting":false,"audioPlay":false,"sceneViewState":{"m_AlwaysRefresh":false,"showFog":true,"showSkybox":false,"showFlares":true,"showImageEffects":true,"showParticleSystems":true,"showVisualEffectGraphs":true,"m_FxEnabled":true},"in2DMode":false,"pivot":{"x":6.081385612487793,"y":1.0184416770935059,"z":0.7267107963562012},"rotation":{"x":0.0001556578354211524,"y":-1.0000169277191163,"z":-0.0008921814151108265,"w":0.01350280363112688},"size":1.2657822370529175,"orthographic":true}