{"cameraMode":{"drawMode":0,"name":"Shaded","section":"Shading Mode"},"sceneLighting":false,"audioPlay":false,"sceneViewState":{"m_AlwaysRefresh":false,"showFog":true,"showSkybox":false,"showFlares":true,"showImageEffects":true,"showParticleSystems":true,"showVisualEffectGraphs":true,"m_FxEnabled":true},"in2DMode":false,"pivot":{"x":-0.0031062662601470949,"y":0.2751656770706177,"z":0.0073939040303230289},"rotation":{"x":0.007403005845844746,"y":-0.9913880228996277,"z":0.11621780693531037,"w":0.061010971665382388},"size":1.594165325164795,"orthographic":true}